A1		PROJECT:
A10		Load Draught 
A11		Increase Aft Cp by
A12		IncreaseFwd Cp by
A13		LCB movement factor
A14		Midship Section factor
A15		Outrigger fitted?
A16		Upper Forcastle Deck fitted?
A17		Stern Platform fitted?
A18		Canopy fitted over rowers?
A19		Quarterdeck fitted at canopy level?
A2		Version V :OarForces Function introduced
A20		Foremast fitted?
A21		Thranite thole height
A22		Zygian thole height
A23		Thalmian thole height
A24		Oar Blade Lever (m)
A25		Number of rudders
A26		Rudder Area (m2)
A27		Rudder Length (m)
A28		Rudder Chord (m)
A29		Rudder forward from CG (m)
A3		INPUTS
A30		Rudder latteral position (m)
A31		
A32		
A33		
A34		Endurance
A35		
A36		Complement
A37		Thranite Rowers
A38		Zygian Rowers
A39		Thalmian Rowers
A4		Hullform
A40		Trierarch
A41		Helmsman
A42		Other
A43		Crew Used
A44		Resistance Method
A45		RESULTS
A46		Displacement at load draught
A47		Weight at load draught
A48		Difference (weight-displacement)
A49		Freeboard to lowest thole pin
A5		Length Over All
A50		GMT
A51		LWL / Depth Ratio
A53		
A54		
A55		Length (LWL) m
A56		Beam (BWL) m
A57		Beam (hull) m
A58		Depth m
A59		Draught m
A6		Length(Waterline)
A60		DISPLACEMENT (Moulded)
A61		DISPLACEMENT (extreme)
A62		LCB from AP
A63		               %LWL fwd of midships
A64		LCF from AP
A65		Waterplane Area
A66		CircM
A67		CB
A68		CP
A69		CM
A7		Beam (Waterline)
A70		GM
A71		KMT
A8		Depth
A9		Design Draught (scales hull)
B1		Pentaconter Bi
B10		0.75900000000000001
B11		0
B12		0
B13		0
B14		5.1278789357413626
B15		N
B16		N
B17		N
B18		Y
B19		N
B20		N
B21		2.4500000000000002
B22		2
B23		1.3
B24		4.5
B25		2
B26		0.25
B27		0.96
B28		0.26
B29		-7.9752704791344664
B30		0
B31		
B32		
B33		
B34		2
B35		
B36		
B37		0
B38		26
B39		24
B40		1
B41		1
B42		8
B43		Thranite
B44		Holtrop
B45	IF(ABS(B48)>0.1,"NOT BALANCED","BALANCED DESIGN")	BALANCED DESIGN
B46	D60	14.411900721671186
B47	Weight!H82/1000	14.483646713886092
B48	B47-B46	7.1745992214905741E-2
B49	IF(B48>0.1,"NOT BALLANCED",MIN(B21:B23)-T)	0.54100000000000004
B5		20
B50	D70	0.50635480121377752
B51	LWL/D	9.8285714285714274
B52		
B53		Basis
B54		Hull
B55	'Basis Hull'!E5	32.35
B56	2*MAX('Basis Hull'!C224:W224)	3.7042357797642769
B57		
B58	'Basis Hull'!E7	2.4
B59	'Basis Hull'!I5	1.1499999999999999
B6		17.2
B60	'Basis Hull'!C234*1.0252	45.376946465736602
B61	'Basis Hull'!C235*1.0252	45.376946465736602
B62	'Basis Hull'!C240	15.668849949460682
B63	(B62-(B55/2))/B55	-1.5646060294878465E-2
B64	'Basis Hull'!C246	15.247386877033769
B65	'Basis Hull'!C239	91.872982597960586
B66	B55/(B60/1.025)^0.333333	9.1447330651036491
B67	'Basis Hull'!C234/(Input!B55*Input!B56*Input!B59)	0.32118549392675172
B68	'Basis Hull'!C234/('Basis Hull'!C243*'Basis Hull'!E5)	0.6914215907513851
B69	'Basis Hull'!C243/(Input!B56*Input!B59)	0.46452916458352328
B7		2.8
B70	B71-Weight!F82	0.76305777866263957
B71	'Basis Hull'!C241+'Basis Hull'!C242	2.8127270369287296
B73		LWL
B74		BWL
B75		D
B76		WSA
B8		1.75
B9		0.97750000000000004
C10		m
C21		m
C22		m
C23		m
C24		
C25		
C26		
C27		
C28		
C29		
C30		
C31		
C32		
C33		
C34		days (Basis ship weight calculated on 2 days)
C46		tonnes
C47		tonnes
C48		tonnes
C49		m
C5		m
C50		m
C51		(Note Olympias L/D= 13.5)
C53		New Hull
C54		DWL
C55	Input!B6	17.2
C56	2*MAX(Transform!C262:W262)	3.229293003706295
C57	2*MAX(Transform!W52:W78)	3.4054054054054053
C58	D	1.75
C59	Input!B9	0.97750000000000004
C6		m
C60	Transform!C268*1.0252	23.344816397130717
C61		
C62	Transform!C273	8.3132704980657817
C63	(C62-(C55/2))/C55	-1.6670319879896395E-2
C64	Transform!C279	8.0212437317644838
C65	Transform!C272	42.672513270600312
C66	C55/(C60/1.025)^0.333333	6.0679226165882456
C67	Transform!C268/(C55*C56*C59)	0.41940074777629666
C68	Transform!C268/(Transform!C276*Input!C55)	0.66281263618775865
C69	Transform!C276/(Input!C56*Input!C59)	0.63275913113021987
C7		m
C70		
C71	Transform!C274+Transform!C275	2.0024929754369163
C73	LWL	17.2
C74	B7	2.8
C75	D	1.75
C76	Transform!C280	59.203460279289025
C8		m
C9		m
D2		MODIFY OAR CODE CN now set to 0.8…
D3		CHECK RUDDER CODE (FORCES IN BOAT AXES ACCOUNTING FOR LOCAL SPEED)
D4		SPEED SIM SETUP
D53		
D54		Load WL
D55	LWL	17.2
D56	2*MAX(Transform!C289:W289)	2.9700889829645267
D57		
D58	D	1.75
D59	T	0.75900000000000001
D60	Transform!C295*1.0252	14.411900721671186
D61	Transform!C296*1.0252	14.411900721671186
D62	Transform!C301	8.4047375531355897
D63	(D62-(D55/2))/D55	-1.1352467840954068E-2
D64	Transform!C307	8.3014744274718648
D65	Transform!C300	36.704258358159464
D66	D55/(D60/1.025)^0.333333	7.1262824364955382
D67	Transform!C295/(D55*D56*D59)	0.36255423342613663
D68	Transform!C295/(Transform!C304*Input!D55)	0.62017558095144065
D69	Transform!C304/(Input!D56*Input!D59)	0.58459933696506561
D70	D71-Weight!I82	0.50635480121377752
D71	Transform!C302+Transform!C303	2.0765552867331278
E50		 
E67		 
E68		
F60		
F62		 
F7		
G57		
H61		Liburnian Scaling
H62		scale fac
H63	3000/53	56.60377358490566
H66	15000/131	114.50381679389314
I62		draw
I63	2*26	52
I64		
I65		
I66		2
J61		10656
J62		FS
J63	I63*H63	2943.3962264150941
J66	I66*H66	229.00763358778627
K61	J61/12	888
K66	J66/12	19.083969465648856
K7		
L63	2900/2	1450
Q43		
W10		1.1476528477153363
W11		0
W12	W11	0
W13		0
W14		0
W15		Y
W16		y
W17		Y
W18		Y
W19		Y
W20		Y
W21		2.4500000000000002
W22		2.1
W23		1.53
W24		5.2
W25		2
W26		0.75
W27		1.5
W28		0.5
W29		-15
W3		INPUT SETS
W30		0
W31		
W32		
W33		
W34		2
W35		
W36		
W37		62
W38		54
W39		54
W4		Olympias
W40		1
W41		1
W42		28
W5		37
W6		32.35
W7		3.7
W8		2.4
W9		1.1499999999999999
X10		0.97784522595788304
X11		0
X12	X11	0
X13		0
X14		-0.85031571243267934
X15		N
X16		N
X17		N
X18		Y
X19		N
X20		N
X21		2.4500000000000002
X22		2
X23		1.3
X24		2.5
X25		2
X26		0.25
X27		1
X28		0.25
X29		-7.9752704791344664
X30		0
X31		
X32		
X33		
X34		2
X35		
X36		
X37		0
X38		26
X39		24
X4		Liburnian
X40		1
X41		1
X42		8
X5		20
X6		18
X7		2.9
X8		2
X9		1
Y10		0.9800498878881102
Y11		-0.15
Y12		-0.15
Y13		0
Y14		-1.2492237982397634
Y15		N
Y16		N
Y17		N
Y18		Y
Y19		N
Y20		N
Y21		2
Y22		2
Y23		2
Y24	2+2.5	4.5
Y25		2
Y26		0.5
Y27		1.2809403425074779
Y28		0.42812982998454402
Y29	-15*LWL/32.35	-7.9752704791344664
Y30		0
Y31		
Y32		
Y33		
Y34		2
Y35		
Y36		
Y37		0
Y38		26
Y39		24
Y4		PentM
Y40		1
Y41		1
Y42		8
Y43		Thranite
Y5		31
Y6		27.7
Y7		3.25
Y8		2.0499999999999998
Y9		0.96312499999999979
Z10		0.75900000000000001
Z11		0
Z12		0
Z13		0
Z14		5.1278789357413626
Z15		N
Z16		N
Z17		N
Z18		Y
Z19		N
Z20		N
Z21		2.4500000000000002
Z22		2
Z23		1.3
Z24		4.5
Z25		2
Z26		0.25
Z27		0.96
Z28		0.26
Z29		-7.9752704791344664
Z30		0
Z31		
Z32		
Z33		
Z34		2
Z35		
Z36		
Z37		0
Z38		26
Z39		24
Z4		PentB
Z40		1
Z41		1
Z42		8
Z5		20
Z6		17.2
Z7		2.8
Z8		1.75
Z9		0.97750000000000004
